Address, DevId
10.20.3.35, 701
10.20.3.144, 25603
2:0x0000000007d0, 2000
2:0x0000000007d1, 2001
2:0x0000000007d2, 2002
2:0x0000000007d3, 2003
2:0x0000000007d4, 2004
2:0x0000000007d5, 2005
2:0x0000000007d6, 2006
2:0x0000000007d7, 2007
2:0x0000000007d8, 2008
2:0x0000000007d9, 2009
2:0x0000000007da, 2010
2:0x0000000007db, 2011
2:0x0000000007dc, 2012
2:0x0000000007dd, 2013
2:0x0000000007de, 2014
2:0x0000000007df, 2015
2:0x0000000007e2, 2018
2:0x0000000007e3, 2019
2:0x0000000007e4, 2020
2:0x0000000007e5, 2021
2:0x0000000007e6, 2022
2:0x0000000007e7, 2023
2:0x0000000007e8, 2024
2:0x0000000007e9, 2025
2:0x0000000007ea, 2026
2:0x0000000007eb, 2027
10.20.0.192, 990010
2:0x0000000007ec, 2028
2:0x0000000007ed, 2029
2:0x0000000007ee, 2030
2:0x0000000007ef, 2031
10.20.0.47, 249947
2:0x0000000007f0, 2032
2:0x0000000007f1, 2033
2:0x0000000007f2, 2034
2:0x0000000007f3, 2035
2:0x0000000007f4, 2036
2:0x0000000007f5, 2037
2:0x0000000007f6, 2038
2:0x0000000007f7, 2039
2:0x0000000007f8, 2040
2:0x0000000007f9, 2041
2:0x0000000007fa, 2042
2:0x0000000007fb, 2043
10.20.3.140, 191100
2:0x0000000007fc, 2044
2:0x0000000007fd, 2045
2:0x0000000007fe, 2046
2:0x0000000007ff, 2047
2:0x000000000800, 2048
2:0x000000000801, 2049
252:20.197.196.3, 191102
2:0x000000000802, 2050
2:0x000000000803, 2051
252:20.197.196.4, 191104
2:0x000000000804, 2052
252:20.197.196.5, 191105
2:0x000000000805, 2053
252:20.197.196.6, 191106
2:0x000000000806, 2054
252:20.197.196.7, 191107
2:0x000000000807, 2055
252:20.197.196.8, 191108
2:0x000000000808, 2056
252:20.197.196.9, 191109
2:0x000000000809, 2057
252:20.197.196.10, 191116
2:0x00000000080a, 2058
252:20.197.196.11, 191117
2:0x00000000080b, 2059
252:20.197.196.12, 191118
2:0x00000000080c, 2060
2:0x00000000080d, 2061
252:20.197.196.14, 191103
2:0x00000000080e, 2062
252:20.197.196.19, 191101
2:0x00000000080f, 2063
2:0x000000000810, 2064
2:0x000000000811, 2065
2:0x000000000812, 2066
2:0x000000000813, 2067
2:0x000000000814, 2068
2:0x000000000815, 2069
2:0x000000000816, 2070
2:0x000000000817, 2071
2:0x000000000818, 2072
2:0x000000000819, 2073
2:0x00000000081a, 2074
2:0x00000000081b, 2075
2:0x00000000081c, 2076
2:0x00000000081d, 2077
2:0x00000000081e, 2078
2:0x00000000081f, 2079
2:0x000000000820, 2080
2:0x000000000821, 2081
2:0x000000000822, 2082
2:0x000000000823, 2083
2:0x000000000824, 2084
2:0x000000000825, 2085
2:0x000000000826, 2086
2:0x000000000827, 2087
2:0x000000000828, 2088
2:0x000000000829, 2089
2:0x00000000082a, 2090
2:0x00000000082b, 2091
2:0x00000000082c, 2092
2:0x00000000082d, 2093
2:0x00000000082e, 2094
2:0x00000000082f, 2095
2:0x000000000830, 2096
2:0x000000000831, 2097
2:0x000000000832, 2098
2:0x000000000833, 2099
2:0x000000000834, 2100
2:0x000000000835, 2101
2:0x000000000836, 2102
2:0x000000000837, 2103
2:0x000000000838, 2104
2:0x000000000839, 2105
2:0x00000000083a, 2106
2:0x00000000083b, 2107
2:0x00000000083c, 2108
2:0x00000000083d, 2109
2:0x00000000083e, 2110
2:0x00000000083f, 2111
2:0x000000000840, 2112
2:0x000000000841, 2113
10.20.3.74, 206300
2:0x000000000842, 2114
60996:0x44eedd250300, 206301
2:0x000000000843, 2115
60996:0x44eede250300, 206302
2:0x000000000844, 2116
60996:0x44eedf250300, 206303
2:0x000000000845, 2117
60996:0x44eee0250300, 206304
2:0x000000000846, 2118
63457:207.1.33.4, 207004
2:0x000000000847, 2119
60996:0x44eee1250300, 206305
2:0x000000000848, 2120
60996:0x44eee8250300, 206312
2:0x000000000849, 2121
60996:0x44eee9250300, 206313
2:0x00000000084a, 2122
60996:0x44eeea250300, 206314
2:0x00000000084b, 2123
60996:0x44eeeb250300, 206315
2:0x00000000084c, 2124
60996:0x44eeec250300, 206316
2:0x00000000084d, 2125
60996:0x44eeed250300, 206317
2:0x00000000084e, 2126
60996:0x44eeee250300, 206318
2:0x00000000084f, 2127
60996:0x44eeef250300, 206319
2:0x000000000850, 2128
60996:0x44eef0250300, 206320
2:0x000000000851, 2129
60996:0x44eef1250300, 206321
2:0x000000000852, 2130
60996:0x44eef2250300, 206322
2:0x000000000853, 2131
60996:0x44eef3250300, 206323
2:0x000000000854, 2132
60996:0x44eef4250300, 206324
2:0x000000000855, 2133
60996:0x44eef5250300, 206325
2:0x000000000856, 2134
60996:0x44eef6250300, 206326
2:0x000000000857, 2135
60996:0x44eef7250300, 206327
2:0x000000000858, 2136
60996:0x44eef8250300, 206328
2:0x000000000859, 2137
60996:0x44eef9250300, 206329
2:0x00000000085a, 2138
63457:207.1.46.5, 207005
2:0x00000000085b, 2139
63457:207.1.27.250, 207250
2:0x00000000085c, 2140
60996:0x44eefa250300, 206330
2:0x00000000085d, 2141
60996:0x44eefb250300, 206331
2:0x00000000085e, 2142
60996:0x44eefc250300, 206332
2:0x00000000085f, 2143
60996:0x44eefd250300, 206333
2:0x000000000860, 2144
60996:0x44eefe250300, 206334
2:0x000000000861, 2145
60996:0x44eeff250300, 206335
2:0x000000000862, 2146
60996:0x44ee00260300, 206336
2:0x000000000863, 2147
60996:0x44ee01260300, 206337
2:0x000000000864, 2148
60996:0x44ee02260300, 206338
2:0x000000000865, 2149
60996:0x44ee03260300, 206339
2:0x000000000866, 2150
60996:0x44ee04260300, 206340
2:0x00000000086b, 2155
2:0x00000000086c, 2156
2:0x00000000086d, 2157
2:0x00000000086e, 2158
2:0x00000000086f, 2159
2:0x000000000870, 2160
2:0x000000000bb8, 3000
2:0x000000000bb9, 3001
2:0x000000000bba, 3002
2:0x000000000bbb, 3003
2:0x000000000bbc, 3004
2:0x000000000bbd, 3005
2:0x000000000bbe, 3006
2:0x000000000bbf, 3007
2:0x000000000bc0, 3008
2:0x000000000bc2, 3010
2:0x000000000bc3, 3011
2:0x000000000bc4, 3012
2:0x000000000bc5, 3013
2:0x000000000bc6, 3014
2:0x000000000bc7, 3015
2:0x000000000bc8, 3016
2:0x000000000bc9, 3017
2:0x000000000bca, 3018
2:0x000000000bcb, 3019
2:0x000000000bcc, 3020
2:0x000000000bcd, 3021
2:0x000000000bce, 3022
2:0x000000000bcf, 3023
2:0x000000000bd0, 3024
2:0x000000000bd1, 3025
2:0x000000000bd2, 3026
2:0x000000000bd3, 3027
2:0x000000000bd4, 3028
2:0x000000000bd5, 3029
2:0x000000000bd6, 3030
10.20.0.158, 252200
2:0x000000000bd7, 3031
25298:0xd262f6d80300, 252150
2:0x000000000bd8, 3032
25298:0xd262f7d80300, 252151
2:0x000000000bd9, 3033
25298:0xd262f8d80300, 252152
2:0x000000000bda, 3034
25298:0xd262f9d80300, 252153
2:0x000000000bdb, 3035
25298:0xd262fad80300, 252154
2:0x000000000bdc, 3036
25298:0xd26229d90300, 252201
2:0x000000000bdd, 3037
25298:0xd2622ad90300, 252202
2:0x000000000bde, 3038
25298:0xd2622bd90300, 252203
2:0x000000000bdf, 3039
25298:0xd2622cd90300, 252204
2:0x000000000be0, 3040
25298:0xd2622dd90300, 252205
2:0x000000000be1, 3041
25298:0xd2622ed90300, 252206
2:0x000000000be2, 3042
25298:0xd2622fd90300, 252207
2:0x000000000be3, 3043
25298:0xd26230d90300, 252208
2:0x000000000be4, 3044
25298:0xd26231d90300, 252209
2:0x000000000be5, 3045
25298:0xd26232d90300, 252210
2:0x000000000be6, 3046
25298:0xd26233d90300, 252211
2:0x000000000be7, 3047
25298:0xd26234d90300, 252212
2:0x000000000be8, 3048
25298:0xd26235d90300, 252213
2:0x000000000be9, 3049
25298:0xd26236d90300, 252214
2:0x000000000bea, 3050
25298:0xd26237d90300, 252215
2:0x000000000beb, 3051
25298:0xd26238d90300, 252216
2:0x000000000bec, 3052
25298:0xd26239d90300, 252217
2:0x000000000bed, 3053
25298:0xd2623ad90300, 252218
2:0x000000000bee, 3054
25298:0xd2623bd90300, 252219
2:0x000000000bef, 3055
25298:0xd2623cd90300, 252220
2:0x000000000bf0, 3056
25298:0xd2623dd90300, 252221
2:0x000000000bf1, 3057
25298:0xd2623ed90300, 252222
2:0x000000000bf2, 3058
25298:0xd2623fd90300, 252223
2:0x000000000bf3, 3059
15941:0x453e62260300, 206434
2:0x000000000bf4, 3060
15941:0x453e63260300, 206435
2:0x000000000bf5, 3061
25298:0xd26240d90300, 252224
2:0x000000000bf6, 3062
25298:0xd26241d90300, 252225
2:0x000000000bf7, 3063
6981:0x451bb1ee2400, 2420401
2:0x000000000bf8, 3064
6981:0x451bb2ee2400, 2420402
2:0x000000000bf9, 3065
25298:0xd26242d90300, 252226
2:0x000000000bfa, 3066
25298:0xd26243d90300, 252227
2:0x000000000bfb, 3067
14661:0x45398b250300, 206219
2:0x000000000bfc, 3068
14661:0x45398c250300, 206220
2:0x000000000bfd, 3069
25298:0xd26244d90300, 252228
2:0x000000000bfe, 3070
25298:0xd26245d90300, 252229
2:0x000000000bff, 3071
10.20.0.154, 254100
2:0x000000000c00, 3072
25298:0xd26246d90300, 252230
2:0x000000000c01, 3073
6213:0x451895e00300, 254101
2:0x000000000c02, 3074
25299:0xd36244d90300, 252228
2:0x000000000c06, 3078
25299:0xd36245d90300, 252229
2:0x000000000c07, 3079
25298:0xd26247d90300, 252231
2:0x000000000c08, 3080
25299:0xd36246d90300, 252230
2:0x000000000c09, 3081
25298:0xd26248d90300, 252232
2:0x000000000c0a, 3082
25299:0xd36247d90300, 252231
2:0x000000000c0b, 3083
25298:0xd26249d90300, 252233
2:0x000000000c0c, 3084
25299:0xd36248d90300, 252232
2:0x000000000c0d, 3085
25298:0xd2624ad90300, 252234
2:0x000000000c0e, 3086
25299:0xd36249d90300, 252233
2:0x000000000c0f, 3087
25298:0xd2624bd90300, 252235
2:0x000000000c10, 3088
25299:0xd3624ad90300, 252234
2:0x000000000c11, 3089
25298:0xd2624cd90300, 252236
2:0x000000000c12, 3090
25299:0xd3624bd90300, 252235
2:0x000000000c13, 3091
25298:0xd2624dd90300, 252237
2:0x000000000c14, 3092
25299:0xd3624cd90300, 252236
2:0x000000000c15, 3093
25298:0xd2624ed90300, 252238
2:0x000000000c16, 3094
25299:0xd3624dd90300, 252237
2:0x000000000c17, 3095
25299:0xd3624ed90300, 252238
2:0x000000000c18, 3096
25298:0xd2624fd90300, 252239
2:0x000000000c19, 3097
25299:0xd3624fd90300, 252239
2:0x000000000c1a, 3098
25299:0xd36250d90300, 252240
2:0x000000000c1b, 3099
25298:0xd26250d90300, 252240
2:0x000000000c1c, 3100
25298:0xd2621cdb0300, 252700
2:0x000000000c1d, 3101
25298:0xd2621ddb0300, 252701
2:0x000000000c1e, 3102
25298:0xd2621edb0300, 252702
2:0x000000000c1f, 3103
25298:0xd2621fdb0300, 252703
2:0x000000000c20, 3104
25298:0xd26220db0300, 252704
2:0x000000000c21, 3105
25298:0xd262b8da0300, 252600
2:0x000000000c22, 3106
25298:0xd262b9da0300, 252601
2:0x000000000c23, 3107
25298:0xd262bada0300, 252602
2:0x000000000c24, 3108
25298:0xd262bbda0300, 252603
2:0x000000000c25, 3109
25298:0xd262bcda0300, 252604
2:0x000000000c26, 3110
25298:0xd262bdda0300, 252605
2:0x000000000c27, 3111
25298:0xd262beda0300, 252606
2:0x000000000c28, 3112
25298:0xd262bfda0300, 252607
2:0x000000000c29, 3113
25298:0xd262c0da0300, 252608
2:0x000000000c2a, 3114
25298:0xd262c1da0300, 252609
2:0x000000000c2b, 3115
25298:0xd262c2da0300, 252610
2:0x000000000c2c, 3116
25298:0xd262c3da0300, 252611
2:0x000000000c2d, 3117
25298:0xd262c4da0300, 252612
2:0x000000000c2e, 3118
25298:0xd262c5da0300, 252613
2:0x000000000c2f, 3119
25298:0xd262c6da0300, 252614
2:0x000000000c30, 3120
25298:0xd262c7da0300, 252615
2:0x000000000c31, 3121
25298:0xd262c8da0300, 252616
2:0x000000000c32, 3122
25298:0xd262c9da0300, 252617
2:0x000000000c33, 3123
25298:0xd262cada0300, 252618
2:0x000000000c34, 3124
25298:0xd262cbda0300, 252619
2:0x000000000c35, 3125
25298:0xd262ccda0300, 252620
2:0x000000000c36, 3126
25298:0xd262cdda0300, 252621
2:0x000000000c37, 3127
25298:0xd262ceda0300, 252622
2:0x000000000c38, 3128
25298:0xd262cfda0300, 252623
2:0x000000000c39, 3129
25298:0xd262d0da0300, 252624
2:0x000000000c3a, 3130
25298:0xd262d1da0300, 252625
2:0x000000000c3b, 3131
25298:0xd262d2da0300, 252626
2:0x000000000c3c, 3132
25298:0xd262d3da0300, 252627
2:0x000000000c3d, 3133
25298:0xd262d4da0300, 252628
2:0x000000000c3e, 3134
25298:0xd262f0d90300, 252400
2:0x000000000c3f, 3135
25298:0xd262f1d90300, 252401
2:0x000000000c40, 3136
25298:0xd262f2d90300, 252402
2:0x000000000c41, 3137
25298:0xd262f3d90300, 252403
25298:0xd262f4d90300, 252404
2:0x000000000c42, 3138
25298:0xd262f5d90300, 252405
2:0x000000000c43, 3139
25298:0xd262f6d90300, 252406
2:0x000000000c44, 3140
25298:0xd262f7d90300, 252407
2:0x000000000c45, 3141
25298:0xd262f8d90300, 252408
2:0x000000000c46, 3142
25298:0xd262f9d90300, 252409
2:0x000000000c47, 3143
10.20.0.157, 252800
2:0x000000000c48, 3144
25298:0xd262fad90300, 252410
2:0x000000000c49, 3145
25298:0xd262fbd90300, 252411
2:0x000000000c4a, 3146
25299:0xd362dc250300, 206300
2:0x000000000c4b, 3147
25298:0xd262fcd90300, 252412
2:0x000000000c4c, 3148
25299:0xd362dd250300, 206301
2:0x000000000c4d, 3149
25298:0xd262fdd90300, 252413
2:0x000000000c4e, 3150
25299:0xd362de250300, 206302
25299:0xd362df250300, 206303
2:0x000000000c51, 3153
25299:0xd362e0250300, 206304
2:0x000000000c52, 3154
25299:0xd362e1250300, 206305
2:0x00000000004e, 78
25299:0xd362e8250300, 206312
2:0x000000000029, 41
25299:0xd362e9250300, 206313
2:0x00000000002a, 42
25299:0xd362ea250300, 206314
2:0x00000000002b, 43
25299:0xd362eb250300, 206315
2:0x00000000002c, 44
25299:0xd362ec250300, 206316
2:0x00000000002d, 45
25299:0xd362ed250300, 206317
2:0x00000000002e, 46
25299:0xd362ee250300, 206318
2:0x00000000002f, 47
25299:0xd362ef250300, 206319
2:0x000000000030, 48
25299:0xd362f0250300, 206320
2:0x000000000031, 49
25299:0xd362f1250300, 206321
2:0x000000000032, 50
25298:0xd262fed90300, 252414
2:0x000000000033, 51
25299:0xd362f2250300, 206322
2:0x000000000034, 52
25299:0xd362f3250300, 206323
2:0x000000000035, 53
25299:0xd362f4250300, 206324
2:0x000000000036, 54
25299:0xd362f5250300, 206325
2:0x000000000037, 55
25299:0xd362f6250300, 206326
2:0x000000000038, 56
25299:0xd362f7250300, 206327
2:0x000000000039, 57
25299:0xd362f8250300, 206328
2:0x00000000003a, 58
25299:0xd362f9250300, 206329
2:0x00000000003b, 59
25299:0xd362fa250300, 206330
2:0x00000000003c, 60
25299:0xd362fb250300, 206331
2:0x00000000003d, 61
25299:0xd362fc250300, 206332
2:0x00000000003e, 62
25299:0xd362fd250300, 206333
2:0x00000000003f, 63
25299:0xd362fe250300, 206334
2:0x000000000040, 64
25299:0xd362ff250300, 206335
2:0x000000000041, 65
25299:0xd36200260300, 206336
2:0x000000000042, 66
25299:0xd36201260300, 206337
2:0x000000000043, 67
25299:0xd36202260300, 206338
2:0x000000000044, 68
25299:0xd36203260300, 206339
2:0x000000000045, 69
25299:0xd36204260300, 206340
2:0x000000000046, 70
25299:0xd36294e00300, 254100
2:0x000000000047, 71
25299:0xd36295e00300, 254101
2:0x000000000048, 72
25299:0xd362b0ee2400, 2420400
2:0x000000000049, 73
25299:0xd362b1ee2400, 2420401
2:0x00000000004a, 74
25299:0xd362b2ee2400, 2420402
2:0x00000000004b, 75
25299:0xd362b0240300, 206000
2:0x00000000004c, 76
25299:0xd362b1240300, 206001
2:0x00000000004d, 77
25299:0xd362b2240300, 206002
2:0x0000000003e8, 1000
25299:0xd362b3240300, 206003
2:0x0000000003e9, 1001
25299:0xd362b4240300, 206004
2:0x0000000003ea, 1002
25299:0xd362b5240300, 206005
2:0x0000000003eb, 1003
25299:0xd362b6240300, 206006
2:0x0000000003ec, 1004
25299:0xd362b7240300, 206007
2:0x0000000003ed, 1005
25299:0xd362b8240300, 206008
2:0x0000000003ee, 1006
25299:0xd362b9240300, 206009
2:0x0000000003ef, 1007
25299:0xd36214250300, 206100
2:0x0000000003f0, 1008
25299:0xd36215250300, 206101
2:0x0000000003f1, 1009
25299:0xd36216250300, 206102
2:0x0000000003f2, 1010
25299:0xd36220250300, 206112
2:0x0000000003f3, 1011
25299:0xd36221250300, 206113
2:0x0000000003f4, 1012
25299:0xd36222250300, 206114
2:0x0000000003f5, 1013
25299:0xd36223250300, 206115
2:0x0000000003f6, 1014
25299:0xd36224250300, 206116
2:0x0000000003f7, 1015
25299:0xd36225250300, 206117
2:0x0000000003f8, 1016
25298:0xd262ffd90300, 252415
2:0x0000000003f9, 1017
25298:0xd26200da0300, 252416
2:0x0000000003fa, 1018
25298:0xd26201da0300, 252417
2:0x0000000003fb, 1019
25298:0xd26202da0300, 252418
2:0x0000000003fc, 1020
25298:0xd26203da0300, 252419
2:0x0000000003fd, 1021
25298:0xd26204da0300, 252420
2:0x0000000003fe, 1022
25298:0xd26206da0300, 252422
2:0x0000000003ff, 1023
25298:0xd26207da0300, 252423
2:0x000000000400, 1024
25298:0xd26208da0300, 252424
2:0x000000000401, 1025
25298:0xd26209da0300, 252425
2:0x000000000402, 1026
25298:0xd2620ada0300, 252426
2:0x000000000403, 1027
25298:0xd2620bda0300, 252427
2:0x000000000404, 1028
25298:0xd2620cda0300, 252428
2:0x000000000405, 1029
25298:0xd2620dda0300, 252429
2:0x000000000406, 1030
25298:0xd2628cd90300, 252300
2:0x000000000407, 1031
25299:0xd36226250300, 206118
2:0x000000000408, 1032
25299:0xd36227250300, 206119
2:0x000000000409, 1033
25299:0xd36228250300, 206120
2:0x00000000040a, 1034
2:0x00000000040b, 1035
25299:0xd36229250300, 206121
2:0x00000000040c, 1036
2:0x00000000040d, 1037
25299:0xd3622a250300, 206122
2:0x00000000040e, 1038
2:0x00000000040f, 1039
25299:0xd3622b250300, 206123
2:0x000000000410, 1040
2:0x000000000411, 1041
25299:0xd3622c250300, 206124
2:0x000000000412, 1042
2:0x000000000413, 1043
25299:0xd3622d250300, 206125
2:0x000000000414, 1044
2:0x000000000415, 1045
25299:0xd3622e250300, 206126
2:0x000000000416, 1046
2:0x000000000417, 1047
2:0x000000000418, 1048
25299:0xd3622f250300, 206127
2:0x000000000419, 1049
2:0x00000000041a, 1050
25299:0xd36230250300, 206128
2:0x00000000041b, 1051
2:0x00000000041c, 1052
25299:0xd36231250300, 206129
2:0x00000000041d, 1053
25299:0xd36232250300, 206130
2:0x00000000041e, 1054
2:0x00000000041f, 1055
25299:0xd36233250300, 206131
2:0x000000000420, 1056
2:0x000000000421, 1057
25299:0xd36234250300, 206132
2:0x000000000422, 1058
2:0x000000000423, 1059
2:0x000000000424, 1060
25299:0xd36235250300, 206133
2:0x000000000425, 1061
25299:0xd36236250300, 206134
2:0x000000000426, 1062
2:0x000000000427, 1063
25299:0xd36237250300, 206135
2:0x000000000428, 1064
2:0x000000000429, 1065
25299:0xd36238250300, 206136
2:0x00000000042a, 1066
2:0x00000000042b, 1067
25299:0xd36239250300, 206137
2:0x00000000042c, 1068
2:0x00000000042d, 1069
25299:0xd3623a250300, 206138
2:0x00000000042e, 1070
2:0x00000000042f, 1071
25299:0xd3623b250300, 206139
2:0x000000000430, 1072
2:0x000000000431, 1073
25299:0xd36281db0300, 252801
2:0x000000000432, 1074
2:0x000000000433, 1075
25299:0xd36282db0300, 252802
2:0x000000000434, 1076
2:0x000000000435, 1077
25299:0xd36283db0300, 252803
2:0x000000000436, 1078
25299:0xd36284db0300, 252804
2:0x000000000437, 1079
2:0x000000000438, 1080
25299:0xd36285db0300, 252805
2:0x000000000439, 1081
2:0x00000000043a, 1082
25299:0xd36286db0300, 252806
2:0x00000000043b, 1083
2:0x00000000043c, 1084
25299:0xd36287db0300, 252807
2:0x00000000043d, 1085
2:0x00000000043e, 1086
25299:0xd36288db0300, 252808
2:0x00000000043f, 1087
2:0x000000000440, 1088
25299:0xd36289db0300, 252809
2:0x000000000441, 1089
2:0x000000000442, 1090
25299:0xd3628adb0300, 252810
2:0x000000000443, 1091
2:0x000000000444, 1092
25299:0xd3628bdb0300, 252811
2:0x000000000445, 1093
2:0x000000000446, 1094
25299:0xd3628cdb0300, 252812
2:0x000000000447, 1095
2:0x000000000448, 1096
25299:0xd36295db0300, 252821
2:0x000000000449, 1097
2:0x00000000044a, 1098
25299:0xd36296db0300, 252822
2:0x00000000044b, 1099
2:0x00000000044c, 1100
25299:0xd36297db0300, 252823
2:0x00000000044d, 1101
2:0x00000000044e, 1102
25299:0xd36298db0300, 252824
2:0x00000000044f, 1103
2:0x000000000450, 1104
25299:0xd36299db0300, 252825
2:0x000000000451, 1105
2:0x000000000452, 1106
25299:0xd3629adb0300, 252826
2:0x000000000453, 1107
2:0x000000000454, 1108
25299:0xd3629bdb0300, 252827
2:0x000000000455, 1109
2:0x000000000456, 1110
25299:0xd3629cdb0300, 252828
2:0x000000000457, 1111
2:0x000000000458, 1112
25299:0xd3629ddb0300, 252829
2:0x000000000459, 1113
2:0x00000000045a, 1114
25299:0xd3629edb0300, 252830
2:0x00000000045b, 1115
2:0x00000000045c, 1116
25299:0xd3629fdb0300, 252831
2:0x00000000045d, 1117
2:0x00000000045e, 1118
25299:0xd362a0db0300, 252832
2:0x00000000045f, 1119
2:0x000000000460, 1120
25299:0xd36228d90300, 252200
2:0x000000000461, 1121
2:0x000000000462, 1122
25299:0xd36229d90300, 252201
2:0x000000000463, 1123
2:0x000000000464, 1124
25299:0xd3622ad90300, 252202
2:0x000000000465, 1125
2:0x000000000466, 1126
25299:0xd3622bd90300, 252203
2:0x000000000467, 1127
2:0x000000000468, 1128
25299:0xd3622cd90300, 252204
2:0x000000000469, 1129
2:0x00000000046a, 1130
25299:0xd3622dd90300, 252205
2:0x00000000046b, 1131
2:0x00000000046c, 1132
25299:0xd3622ed90300, 252206
2:0x00000000046d, 1133
2:0x00000000046e, 1134
25299:0xd3622fd90300, 252207
2:0x00000000046f, 1135
25299:0xd36230d90300, 252208
2:0x000000000470, 1136
2:0x000000000471, 1137
25299:0xd36231d90300, 252209
2:0x000000000472, 1138
2:0x000000000473, 1139
2:0x000000000474, 1140
25299:0xd36232d90300, 252210
2:0x000000000475, 1141
2:0x000000000476, 1142
25299:0xd36233d90300, 252211
2:0x000000000477, 1143
2:0x000000000478, 1144
25299:0xd36234d90300, 252212
2:0x000000000479, 1145
2:0x00000000047a, 1146
25299:0xd36235d90300, 252213
2:0x00000000047b, 1147
2:0x00000000047c, 1148
25299:0xd36236d90300, 252214
2:0x00000000047d, 1149
2:0x00000000047e, 1150
25299:0xd36237d90300, 252215
2:0x00000000047f, 1151
2:0x000000000483, 1155
25299:0xd36238d90300, 252216
2:0x000000000484, 1156
2:0x000000000485, 1157
25299:0xd36239d90300, 252217
2:0x000000000486, 1158
2:0x000000000487, 1159
25299:0xd3623ad90300, 252218
2:0x000000000488, 1160
2:0x000000000489, 1161
25299:0xd3623bd90300, 252219
2:0x00000000048a, 1162
2:0x00000000048b, 1163
25299:0xd3623cd90300, 252220
2:0x00000000048c, 1164
2:0x00000000048d, 1165
25299:0xd3623dd90300, 252221
2:0x00000000048e, 1166
2:0x00000000048f, 1167
25299:0xd3623ed90300, 252222
2:0x000000000490, 1168
2:0x000000000491, 1169
25299:0xd3623fd90300, 252223
2:0x000000000492, 1170
2:0x000000000493, 1171
25299:0xd36240d90300, 252224
2:0x000000000494, 1172
2:0x000000000481, 1153
25299:0xd36241d90300, 252225
2:0x000000000480, 1152
2:0x000000000495, 1173
2:0x000000000482, 1154
25299:0xd36242d90300, 252226
10.20.3.143, 1912525
255:143.3.20.10, 191411
25299:0xd36243d90300, 252227
255:143.3.20.50, 191450
255:143.3.20.90, 191490
255:143.3.20.91, 191401
255:143.3.20.92, 191402
255:143.3.20.93, 191403
255:143.3.20.94, 191404
255:143.3.20.95, 191405
10.20.3.36, 7101
10.20.3.80, 7104
255:143.3.20.96, 191406
10.20.3.81, 7105
10.20.3.39, 7201
10.20.3.37, 7102
10.20.3.38, 7103
255:143.3.20.97, 191407
255:143.3.20.98, 191408
255:143.3.20.99, 191409
255:143.3.20.100, 191410
10.20.1.105, 252562
10.20.0.90, 254002
10.20.3.31, 241801
10.20.0.197, 24200
10.20.3.33, 2422801
10.20.0.201, 240101
10.20.0.231, 240195
10.20.3.69, 111378
10.20.0.30, 247801
2481:3, 1200903
10.20.3.30, 245401
2482:2, 1200902
10.20.0.212, 241201
2483:1, 1200901
10.20.0.153, 2403010
10.20.0.190, 2423001
10.20.3.65, 111378
10.20.0.86, 242701
10.20.3.68, 128130
10.20.3.62, 111258
10.20.0.146, 206146
10.20.3.63, 111444
10.20.0.114, 240701
10.20.0.195, 245501
10.20.0.208, 20801
10.20.0.82, 242501
10.20.0.148, 206148
10.20.3.61, 101
3384:1.1.168.10, 110
3384:1.1.168.11, 111
10.20.3.60, 111394
3384:1.1.168.50, 150
3384:1.1.168.90, 190
3384:1.1.168.92, 192
10.20.3.44, 103174
3384:1.1.168.93, 193
3384:1.1.168.94, 194
3384:1.1.168.95, 195
3384:1.1.168.96, 196
3384:1.1.168.97, 197
10.20.3.66, 128130
10.20.3.67, 111378
10.20.0.196, 242001
10.20.3.64, 111354
10.20.0.152, 249901
10.20.0.202, 20201
10.20.0.199, 247203
10.20.3.141, 1912522
253:141.3.20.10, 191210
10.20.3.142, 1912523
253:141.3.20.50, 191250
254:142.3.20.10, 191310
253:141.3.20.90, 191290
254:142.3.20.50, 191350
254:142.3.20.90, 191390
253:141.3.20.91, 191201
253:141.3.20.92, 191203
254:142.3.20.91, 191301
253:141.3.20.93, 191204
254:142.3.20.92, 191302
253:141.3.20.94, 191205
254:142.3.20.93, 191303
253:141.3.20.95, 191206
254:142.3.20.94, 191304
253:141.3.20.96, 191207
254:142.3.20.95, 191305
253:141.3.20.97, 191208
254:142.3.20.96, 191306
253:141.3.20.98, 191209
254:142.3.20.97, 191307
253:141.3.20.99, 191210
254:142.3.20.98, 191308
254:142.3.20.99, 191309
254:142.3.20.160, 191360
10.20.0.198, 247201
10.20.0.155, 2420004
10.20.0.159, 242521
10.20.0.200, 247204
10.20.0.147, 206147
10.20.0.149, 206149
10.20.0.205, 240501
10.20.0.204, 242801
10.20.0.214, 241401
10.20.0.81, 240401
10.20.3.40, 861234
10.20.0.150, 206150
10.20.0.156, 2527707
10.20.0.92, 2527702
10.20.0.91, 2527701
10.20.0.93, 2527703
10.20.1.204, 3505
10.20.0.94, 2527704
10.20.1.200, 350001
10.20.0.160, 2527708
10.20.0.95, 2527705
10.20.1.209, 262990
10.20.1.201, 3502
10.20.1.203, 3504
10.20.1.202, 3503
24720:86, 247286
20605:36, 2060536
20605:42, 2060542
10.20.1.206, 89999
10.20.1.205, 82998
20603:5, 220605
20603:6, 220606
20603:8, 206308
20603:10, 206310
20603:31, 2420631
20603:52, 2420652
20603:2, 220602
20603:4, 260604
20604:8, 2060408
20604:9, 2060409
20642:84, 2066105
2418:4, 241804
2418:5, 241805
2418:6, 241806
2418:7, 241807
2418:10, 241810
2418:11, 241811
2418:12, 241812
2418:14, 241814
2418:3, 241803
20636:3, 700016
20642:85, 700024
20604:10, 2060410
20604:11, 2060411
20604:12, 2060412
20604:13, 2060413
20604:16, 220616
20636:4, 700017
20604:85, 2060485
20604:1, 2060401
20604:2, 2060402
20604:3, 2060403
20604:4, 2060404
20604:6, 2060406
20604:7, 2060407
20636:5, 700173
20636:32, 77032
3502:23, 350223
3503:6, 350306
3504:38, 350438
10.20.0.112, 241301
3519:2, 351902
2499:9, 249909
2499:11, 249911
2499:12, 249912
2499:13, 249913
2499:14, 249914
2430:9, 243009
2499:18, 249918
2499:19, 249919
2430:10, 243010
2499:20, 249920
2430:11, 243011
2499:21, 249921
2430:12, 243012
2499:22, 249922
2430:13, 243013
2499:23, 249923
2430:14, 243014
2499:24, 249924
2430:15, 243015
2499:25, 249925
2430:16, 243016
2499:26, 249926
2430:3, 243003
2499:27, 249927
2430:4, 243004
2499:29, 249929
2430:5, 243005
2430:6, 243006
2430:7, 243007
2430:8, 243008
3502:27, 350227
2499:2, 249902
3503:7, 350307
20636:35, 77035
20636:36, 77036
3504:39, 350439
20636:37, 77037
3502:70, 350270
2499:3, 249903
2423:16, 242316
3504:40, 350440
2423:17, 242317
2423:18, 242318
2423:19, 242319
2423:20, 242320
2423:21, 242321
3519:21, 3519021
2423:1, 242301
2423:2, 242302
20636:42, 77033
2499:4, 249904
2423:3, 242303
3502:1, 350201
3504:41, 350441
2432:2, 243202
2432:4, 243204
2499:5, 249905
2401:9, 240109
2401:10, 240110
2401:11, 240111
2401:12, 240112
3502:2, 350202
2401:13, 2401133
3504:42, 350442
2401:14, 240114
2478:19, 247819
2478:20, 247820
2478:21, 247821
2478:22, 247822
2478:23, 247823
2478:24, 247824
2499:6, 249906
2478:25, 247825
2499:7, 249907
2499:8, 249908
24991:1, 2499101
2423:4, 242304
24991:2, 2499102
2423:5, 242305
2401:15, 2401155
3502:3, 350203
3504:43, 350443
24991:6, 2499106
24991:7, 2499107
2423:6, 242306
2423:8, 242308
2423:9, 242309
2423:10, 242310
2423:11, 242311
20652:39, 700082
2478:61, 247861
2413:4, 241304
3502:4, 350204
2423:12, 242312
3504:44, 350444
24991:8, 2499108
20631:7, 700183
2413:5, 241305
3518:22, 3517022
2423:13, 242313
2423:14, 242314
2455:9, 245509
2455:10, 245510
20652:40, 500114
20601:19, 2206119
2413:8, 241308
2478:78, 247878
2413:10, 241310
20613:11, 2061311
20652:41, 500113
20633:2, 700043
20633:3, 700044
20633:4, 700052
20633:5, 700042
20633:6, 700045
2478:79, 247879
3502:5, 350205
2413:11, 241311
2413:12, 241312
2425:9, 242509
2478:80, 247880
2478:81, 247881
2478:83, 247883
2478:92, 247892
2478:96, 247896
2401:16, 2401166
2401:17, 2401177
20120:21, 201
20618:13, 2061813
20620:13, 2062013
20613:12, 2061312
20618:14, 2061814
2425:10, 242510
3504:45, 350445
2425:11, 242511
2425:12, 242512
2425:13, 242513
2425:14, 242514
2425:15, 242515
2425:16, 242516
20631:9, 700175
2478:99, 247899
20652:42, 700093
20620:14, 2062014
20631:11, 700174
20613:13, 2061313
20618:15, 2061815
20652:43, 700020
20652:44, 700004
20631:13, 700018
7104:1, 710163
7104:2, 710146
20120:22, 202
20620:15, 2062015
20613:14, 2061314
20618:16, 2061816
20620:16, 2062016
20613:15, 2061315
2478:10, 247810
20633:7, 700049
20606:41, 220641
20606:21, 220621
20606:33, 220633
20633:8, 700046
20633:9, 700047
20633:10, 700050
20633:11, 700048
20633:12, 700060
20633:13, 700053
20633:14, 700057
20633:15, 700051
20633:16, 700058
20119:11, 101
2425:17, 242517
2425:18, 242518
20122:41, 401
20633:17, 700061
20652:45, 600318
20618:17, 2061817
20620:17, 2062017
20613:16, 2061316
20618:18, 2061818
20620:18, 2062018
7105:5, 710533
20121:31, 301
7105:6, 710534
20633:18, 700059
7105:7, 710535
7105:8, 710536
2478:11, 247811
2478:13, 247813
2478:14, 247814
7102:1, 710529
7102:2, 710530
7102:4, 710532
7102:9, 710209
2423:15, 242315
20119:12, 102
2425:19, 242519
2425:20, 242520
20122:42, 402
2478:15, 247815
2425:21, 2422521
7201:1, 720531
2478:16, 247816
2478:17, 247817
2478:18, 247818
2425:22, 242522
7201:2, 720532
2425:23, 242523
2425:24, 242524
2425:25, 242525
7201:3, 720003
20613:17, 2061317
20618:19, 2061819
20620:19, 2062019
20121:32, 302
20613:18, 2061318
20618:20, 2061820
20620:20, 2062020
22811:4, 92284
20633:19, 700056
2413:13, 241313
20119:13, 103
2436:2, 243602
20120:23, 203
25218:22, 2521822
25219:22, 2521922
25220:6, 2521609
20122:43, 403
2425:26, 242526
2425:27, 242527
25211:15, 2521594
25213:35, 2521601
25215:53, 12953
25217:60, 2521571
25218:23, 2521823
25219:23, 2521923
25220:8, 2523022
2427:10, 242710
2413:14, 241314
2413:15, 241315
20121:33, 303
20633:20, 700055
25211:16, 2521596
2413:17, 241317
20613:19, 2061319
20618:22, 2061822
20620:21, 2062021
25213:36, 2523000
25215:54, 12954
25217:71, 12973
25218:24, 2521824
3502:6, 350206
3504:46, 350446
2413:19, 241319
20652:46, 700090
25219:24, 2521924
20613:20, 2061320
2413:20, 241320
25220:9, 2523013
2413:21, 241321
2413:22, 241322
25211:17, 2521597
25213:37, 2521591
20633:21, 700121
25217:72, 12974
2413:23, 241323
3502:13, 350213
3504:47, 350447
25218:25, 2521825
20618:23, 2061823
20620:22, 2062022
20613:21, 2061321
20618:24, 2061824
25219:25, 2521925
20620:23, 2062023
20613:22, 2061322
25220:10, 2521610
10.20.0.215, 241501
2415:2, 241502
2415:3, 241503
2415:4, 241504
20618:25, 2061825
3501:2, 35012
20620:24, 2062024
25211:18, 2521567
2427:11, 242711
2427:12, 242712
2427:13, 242713
2427:14, 242714
2427:15, 242215
25213:38, 2521569
25217:73, 12975
2413:24, 241324
20652:47, 700005
25218:26, 2521826
25219:26, 2521926
25220:11, 2523012
2415:6, 241506
2415:7, 241507
20613:23, 2061323
2415:8, 241508
20613:24, 2061324
20613:25, 2061325
2425:28, 242528
2425:29, 242529
20613:26, 2061326
20610:1, 920601
2425:30, 242530
25211:19, 2521593
20613:27, 2061327
20613:28, 2061328
20618:32, 2061832
25213:43, 2521585
20620:31, 2062031
20613:30, 2061330
20618:33, 2061833
20620:32, 2062032
20613:31, 2061331
25217:74, 12976
20618:34, 2061834
22811:5, 92285
20620:75, 2062075
20613:32, 2061332
20618:35, 2061835
25218:27, 2521827
20620:76, 2062076
20613:33, 2061333
3504:15, 350415
25219:27, 2521927
20618:36, 2061836
20620:85, 2062085
20613:34, 2061334
20618:37, 2061837
20620:1, 2062001
25220:12, 2521611
7103:1, 710736
20613:35, 2061335
7103:2, 710737
7103:3, 710738
7103:4, 710739
25211:20, 2521579
2415:9, 241509
2415:10, 241510
25217:75, 12977
25218:28, 2521828
2415:11, 241511
25219:28, 2521928
2415:12, 241512
20610:2, 920602
2415:13, 241513
25220:13, 2521621
2415:14, 241514
2415:15, 241515
2413:25, 241325
2413:26, 241326
2415:16, 241516
2413:27, 241327
2422:9, 242209
2422:10, 242210
2422:11, 242211
2422:12, 242212
2422:13, 242213
2415:17, 241517
2415:18, 241518
20652:52, 700034
2415:19, 241519
2413:28, 241328
2415:20, 241520
20618:38, 2061838
20610:6, 920606
2415:21, 241521
2413:29, 241329
2415:22, 241522
2415:23, 241523
2415:24, 241524
2415:25, 241525
20620:2, 2062002
2415:26, 241526
2415:27, 241527
2415:28, 241528
2415:29, 241529
2415:30, 241530
2415:31, 241531
2415:32, 241532
20613:36, 2061336
2413:30, 241330
2415:33, 241533
2415:34, 241534
25217:76, 12978
25218:29, 2521829
20633:30, 700110
20633:31, 700089
20633:32, 700120
20633:33, 700138
20630:10, 920610
20630:11, 920611
20633:34, 700107
20630:12, 902612
20652:64, 700069
20630:14, 920614
20633:35, 700146
20633:36, 700117
20652:65, 700099
25219:29, 2521929
25220:14, 2523020
2408:17, 20817
2408:18, 20818
20633:37, 700105
2408:19, 20819
2408:20, 20820
2408:22, 20822
20652:66, 700104
2408:29, 208299
2408:30, 20830
2408:31, 20831
2408:33, 2408333
2408:34, 208344
2408:35, 208355
2408:64, 208644
20633:38, 700140
2408:2, 20802
25217:77, 12979
25218:30, 2521830
2408:3, 20803
25219:30, 2521930
25220:15, 2523015
2408:4, 20804
25217:78, 12980
25218:31, 2521831
25219:31, 2521931
25220:17, 2523023
20652:67, 700076
20618:39, 2061839
20630:21, 920615
25218:32, 2521832
2498:10, 249810
20613:7, 2061307
2497:22, 249722
2495:23, 249523
2494:23, 249423
20633:39, 576125
2496:26, 249626
2497:23, 249723
2495:24, 249524
2494:24, 249424
2496:27, 249627
20652:68, 700098
2497:24, 249724
20633:40, 700145
2495:25, 249525
20652:69, 700091
2494:25, 249425
2496:28, 249628
2497:25, 249725
7101:1, 710017
7101:2, 710164
7101:3, 710165
20652:70, 700171
25219:1, 2521901
20652:71, 700170
20652:72, 700102
20099:1, 1
20096:1, 24171
20099:2, 2
20096:2, 24172
20099:5, 5
20096:3, 24173
20652:73, 700172
25220:18, 2521612
20633:41, 77041
2454:3, 24503
25526:1, 92551
20633:42, 77042
20652:74, 700033
20633:43, 77043
25410:28, 2541028
25411:26, 2541126
25412:27, 2541227
24200:3, 242003
25413:26, 2541326
25414:28, 2541428
24200:4, 240204
24200:5, 242005
25406:7, 2540607
24200:6, 240206
25407:27, 2540727
20096:5, 24175
25408:28, 2540828
25409:29, 2540929
25410:29, 2541029
25411:27, 2541127
25412:28, 2541228
25413:27, 2541327
25414:29, 2541429
25407:28, 2540728
25408:29, 2540829
25218:33, 2521833
25219:2, 2521902
20099:6, 6
20633:44, 77044
20631:15, 700008
25220:19, 2521619
24207:5, 2420705
20704:4, 2070404
20705:37, 2070537
20706:2, 2070602
20096:7, 24177
20707:36, 2070736
20096:8, 24178
20096:9, 24179
20704:5, 2070405
20705:38, 2070538
20706:3, 2070603
25409:30, 2540930
20707:37, 2070737
25410:30, 2541030
25411:28, 2541128
20704:6, 2070406
25412:29, 2541229
25413:28, 2541328
20705:39, 2070539
25414:30, 2541430
20706:4, 2070604
20707:38, 2070738
20631:16, 700009
20633:45, 77045
25218:34, 2521834
25219:3, 2521903
25220:20, 2521618
20631:17, 700011
20704:7, 2070407
20705:40, 2070540
20706:5, 2070605
20631:18, 700077
20631:19, 700068
25218:36, 2521836
20631:20, 700067
25219:4, 2521904
20631:21, 700014
25220:21, 2521616
20707:39, 2070739
20704:8, 2070408
20705:41, 2070541
20631:22, 700013
2495:1, 249501
25218:37, 2521837
25219:5, 2521905
2403:9, 240309
20631:23, 700012
20706:6, 2070606
20707:40, 2070740
25220:22, 2523014
25218:38, 2521838
20631:24, 700178
25407:29, 2540729
20705:42, 2070542
20706:7, 2070607
20707:41, 2070741
20631:25, 700177
25219:6, 2521906
25220:23, 2523019
20631:26, 700179
25408:30, 2540830
20631:27, 700015
20705:43, 2070543
20706:8, 2070608
20631:31, 700075
25218:39, 2521839
25219:7, 2521907
20707:42, 2070742
25409:31, 2540931
25410:31, 2541031
25411:29, 2541129
25412:30, 2541230
2494:26, 249426
25413:29, 2541329
2496:29, 249629
2497:26, 249726
20631:32, 700071
25220:24, 2521608
20705:44, 2070544
25414:31, 2541431
20707:43, 2070743
25218:40, 2521840
2413:31, 241331
2413:32, 241332
2413:33, 241333
25220:25, 2523010
2413:34, 241334
2413:35, 241335
2413:36, 241336
20705:45, 2070545
20707:2, 2070702
2413:37, 241337
2413:38, 241338
2413:39, 241339
2413:40, 241340
2413:41, 241341
2413:42, 241342
25407:30, 2540730
25408:31, 2540831
25409:34, 2540934
25410:32, 2541032
25411:30, 2541130
25412:31, 2541231
25413:30, 2541330
25414:32, 2541432
2413:43, 241343
2413:44, 241344
2413:45, 241345
2413:46, 241346
2413:47, 241347
2413:48, 241348
20705:46, 2070546
20707:3, 2070703
25218:41, 2521841
20705:47, 2070547
20707:4, 2070704
20705:2, 2070502
20707:5, 2070705
25220:27, 2521603
25218:42, 2521842
25220:29, 2523008
20705:3, 2070503
20707:6, 2070706
20705:4, 2070504
25218:1, 2521801
20707:7, 2070707
25220:30, 2523009
25218:2, 2521802
25220:32, 2523011
20705:5, 2070505
20707:8, 2070708
20705:6, 2070506
20705:7, 2070507
20705:8, 2070508
20705:9, 2070509
2495:2, 249502
25218:3, 2521803
25220:33, 2523007
1601:1, 1610101
25218:4, 2521804
25220:34, 2523006
25218:5, 2521805
25220:35, 2521606
25218:6, 2521806
2497:43, 249743
2497:44, 249744
25218:7, 2521807
2497:45, 249745
25407:31, 2540731
25408:32, 2540832
25409:35, 2540935
10.20.0.94, 240201
2402:2, 240202
10.20.0.33, 241001
10.20.0.41, 241901
2410:5, 241005
2419:2, 241902
2410:2, 241002
2497:1, 249701
2497:2, 249702
2497:3, 249703
2497:4, 249704
2497:5, 249705
2497:6, 249706
2497:7, 249707
1601:2, 1610102
1601:3, 1610103
20642:75, 700064
20642:76, 700112
20642:78, 700074
20642:79, 700137
20642:81, 700135
20642:82, 700131
20642:86, 700148
20642:87, 700149
20642:88, 700134
20642:91, 700132
20642:93, 700150
20642:94, 700151
20642:95, 700022
20642:96, 700023
20642:97, 700026
20642:98, 700136
2412:3, 241203
2412:6, 241206
2412:7, 241207
2412:9, 241209
20642:99, 700144
20642:100, 700126
20642:101, 700125
20642:102, 700133
20642:103, 700065
20642:104, 700063
20642:105, 700127
20642:106, 700128
20642:107, 700073
20642:108, 700066
20642:110, 700002
20642:112, 700147
20652:33, 700166
20652:34, 700168
20642:113, 700116
20642:115, 700115
20652:35, 700084
20642:116, 700025
20652:36, 700001
20652:38, 700086
20642:117, 700036
20642:118, 700062
20642:119, 700169
20642:120, 700167
20642:121, 700118
20642:122, 77122
20642:123, 77123
20642:124, 2066106
20642:127, 700130
10.20.0.88, 42045
10.20.0.85, 42048
20671:0xbf5062260300, 206434
20671:0xbf5063260300, 206435
20631:10, 700180
25220:4, 2521617
25220:5, 2523024
20636:1, 700176
20636:2, 700019
10.20.1.207, 207000
63457:207.1.33.1, 207001
63457:207.1.33.2, 207002
63457:207.1.33.3, 207003
10.20.3.71, 206000
10.20.0.54, 2420400
20671:0xbf5008270300, 206600
20671:0xbf5009270300, 206601
20671:0xbf500a270300, 206602
20671:0xbf500b270300, 206603
20671:0xbf500c270300, 206604
20671:0xbf500d270300, 206605
20671:0xbf500e270300, 206606
20671:0xbf500f270300, 206607
20671:0xbf5010270300, 206608
20671:0xbf50bc300900, 602300
20671:0xbf50bd300900, 602301
20671:0xbf50be300900, 602302
20671:0xbf50bf300900, 602303
20671:0xbf50c0300900, 602304
20671:0xbf50c1300900, 602305
20671:0xbf50c2300900, 602306
20671:0xbf50c3300900, 602307
20671:0xbf50c4300900, 602308
10.20.3.72, 206400
15941:0x453eb0240300, 206000
15941:0x453eb1240300, 206001
15941:0x453eb2240300, 206002
15941:0x453eb3240300, 206003
15941:0x453eb4240300, 206004
15941:0x453eb5240300, 206005
10.20.3.73, 206200
15941:0x453e78250300, 206200
14661:0x453979250300, 206201
15941:0x453e14250300, 206100
14661:0x45397a250300, 206202
15941:0x453e50260300, 206416
14661:0x45397b250300, 206203
15941:0x453e51260300, 206417
14661:0x45397c250300, 206204
15941:0x453e52260300, 206418
14661:0x45397d250300, 206205
15941:0x453e53260300, 206419
14661:0x45397e250300, 206206
15941:0x453e54260300, 206420
14661:0x45397f250300, 206207
15941:0x453e55260300, 206421
14661:0x453980250300, 206208
15941:0x453e56260300, 206422
14661:0x453981250300, 206209
15941:0x453e57260300, 206423
14661:0x453982250300, 206210
15941:0x453e58260300, 206424
14661:0x453983250300, 206211
14661:0x453984250300, 206212
14661:0x453985250300, 206213
15941:0x453e59260300, 206425
15941:0x453e5a260300, 206426
14661:0x453986250300, 206214
15941:0x453e5b260300, 206427
14661:0x453987250300, 206215
15941:0x453e5c260300, 206428
14661:0x453988250300, 206216
15941:0x453e5d260300, 206429
14661:0x453989250300, 206217
15941:0x453e5e260300, 206430
14661:0x45398a250300, 206218
15941:0x453e5f260300, 206431
15941:0x453e60260300, 206432
15941:0x453e61260300, 206433
20671:0xbf50c5300900, 602309
20671:0xbf50c6300900, 602310
20671:0xbf50c7300900, 602311
20671:0xbf50c8300900, 602312
20671:0xbf50c9300900, 602313
20671:0xbf50ca300900, 602314
20671:0xbf50cb300900, 602315
20671:0xbf50cc300900, 602316
20671:0xbf50cd300900, 602317
20671:0xbf50ce300900, 602318
20671:0xbf50cf300900, 602319
20671:0xbf50d0300900, 602320
20671:0xbf50d1300900, 602321
20671:0xbf50d2300900, 602322
20671:0xbf50d3300900, 602323
20671:0xbf50d4300900, 602324
20671:0xbf50d5300900, 602325
20671:0xbf50d6300900, 602326
20671:0xbf50d7300900, 602327
20671:0xbf50d8300900, 602328
20671:0xbf50d9300900, 602329
20671:0xbf50da300900, 602330
20671:0xbf50db300900, 602331
20671:0xbf50dc300900, 602332
20671:0xbf50dd300900, 602333
20671:0xbf50de300900, 602334
20671:0xbf50df300900, 602335
20671:0xbf50e0300900, 602336
20671:0xbf50e1300900, 602337
20671:0xbf50e2300900, 602338
20671:0xbf50e3300900, 602339
20671:0xbf50e4300900, 602340
20671:0xbf50a4260300, 206500
20671:0xbf50a5260300, 206501
20671:0xbf50a6260300, 206502
20671:0xbf50a7260300, 206503
20671:0xbf50a8260300, 206504
20671:0xbf50a9260300, 206505
20671:0xbf50aa260300, 206506
20671:0xbf50ab260300, 206507
20671:0xbf50ac260300, 206508
20671:0xbf50ad260300, 206509
20671:0xbf500c251f00, 2041100
20671:0xbf500d251f00, 2041101
20671:0xbf500e251f00, 2041102
20671:0xbf500f251f00, 2041103
20671:0xbf5010251f00, 2041104
20671:0xbf50b1240300, 206001
20671:0xbf50b2240300, 206002
20671:0xbf50b3240300, 206003
20671:0xbf50b4240300, 206004
20671:0xbf50b5240300, 206005
20671:0xbf50b6240300, 206006
20671:0xbf50b7240300, 206007
20671:0xbf50b8240300, 206008
20671:0xbf50b9240300, 206009
20671:0xbf50289a0100, 105000
20671:0xbf50299a0100, 105001
20671:0xbf502a9a0100, 105002
20671:0xbf502b9a0100, 105003
20671:0xbf502c9a0100, 105004
20671:0xbf5040260300, 206400
20671:0xbf5041260300, 206401
20671:0xbf5042260300, 206402
20671:0xbf5043260300, 206403
20671:0xbf5044260300, 206404
20671:0xbf5045260300, 206405
20671:0xbf5046260300, 206406
20671:0xbf5047260300, 206407
20671:0xbf5048260300, 206408
20671:0xbf50dc250300, 206300
20671:0xbf50dd250300, 206301
20671:0xbf50de250300, 206302
20671:0xbf50df250300, 206303
20671:0xbf50e0250300, 206304
20671:0xbf50e1250300, 206305
20671:0xbf50e2250300, 206306
20671:0xbf50e3250300, 206307
20671:0xbf5078250300, 206200
20671:0xbf5079250300, 206201
20671:0xbf507a250300, 206202
20671:0xbf507b250300, 206203
20671:0xbf507c250300, 206204
20671:0xbf507d250300, 206205
20671:0xbf507e250300, 206206
20671:0xbf507f250300, 206207
20671:0xbf5080250300, 206208
20671:0xbf5081250300, 206209
20671:0xbf5082250300, 206210
20671:0xbf5083250300, 206211
20671:0xbf5084250300, 206212
20671:0xbf5085250300, 206213
20671:0xbf5086250300, 206214
20671:0xbf5087250300, 206215
20671:0xbf5088250300, 206216
20671:0xbf5089250300, 206217
20671:0xbf508a250300, 206218
20671:0xbf508b250300, 206219
20671:0xbf508c250300, 206220
20671:0xbf508d250300, 206221
20671:0xbf508e250300, 206222
20671:0xbf508f250300, 206223
20671:0xbf5090250300, 206224
20671:0xbf5091250300, 206225
20671:0xbf5092250300, 206226
20671:0xbf5093250300, 206227
20671:0xbf5094250300, 206228
20671:0xbf5095250300, 206229
20671:0xbf5096250300, 206230
20671:0xbf5097250300, 206231
20671:0xbf5098250300, 206232
20671:0xbf5099250300, 206233
20671:0xbf509a250300, 206234
20671:0xbf509b250300, 206235
20671:0xbf5014250300, 206100
20671:0xbf5015250300, 206101
20671:0xbf5016250300, 206102
20671:0xbf5017250300, 206103
20671:0xbf5018250300, 206104
20671:0xbf5019250300, 206105
20671:0xbf501a250300, 206106
20671:0xbf501b250300, 206107
20671:0xbf501c250300, 206108
20671:0xbf501d250300, 206109
20671:0xbf501e250300, 206110
20671:0xbf501f250300, 206111
20671:0xbf5020250300, 206112
20671:0xbf5021250300, 206113
20671:0xbf5022250300, 206114
20671:0xbf5023250300, 206115
20671:0xbf5024250300, 206116
20671:0xbf5025250300, 206117
20671:0xbf5026250300, 206118
20671:0xbf5027250300, 206119
20671:0xbf5028250300, 206120
20671:0xbf5029250300, 206121
20671:0xbf502a250300, 206122
20671:0xbf502b250300, 206123
20671:0xbf502c250300, 206124
20671:0xbf502d250300, 206125
20671:0xbf502e250300, 206126
20671:0xbf502f250300, 206127
20671:0xbf5030250300, 206128
20671:0xbf5031250300, 206129
20671:0xbf5032250300, 206130
20671:0xbf5033250300, 206131
20671:0xbf5034250300, 206132
20671:0xbf5035250300, 206133
20671:0xbf5036250300, 206134
20671:0xbf5037250300, 206135
20671:0xbf5038250300, 206136
20671:0xbf5039250300, 206137
20671:0xbf503a250300, 206138
20671:0xbf503b250300, 206139
20671:0xbf5049260300, 206409
20671:0xbf504a260300, 206410
20671:0xbf504b260300, 206411
20671:0xbf504c260300, 206412
20671:0xbf504d260300, 206413
20671:0xbf504e260300, 206414
20671:0xbf504f260300, 206415
20671:0xbf5050260300, 206416
20671:0xbf5051260300, 206417
20671:0xbf5052260300, 206418
20671:0xbf5053260300, 206419
20671:0xbf5054260300, 206420
20671:0xbf5055260300, 206421
20671:0xbf5056260300, 206422
20671:0xbf5057260300, 206423
20671:0xbf5058260300, 206424
20671:0xbf5059260300, 206425
20671:0xbf505a260300, 206426
20671:0xbf505b260300, 206427
20671:0xbf505c260300, 206428
20671:0xbf505d260300, 206429
20671:0xbf505e260300, 206430
20671:0xbf505f260300, 206431
20671:0xbf5060260300, 206432
20671:0xbf5061260300, 206433
2414:3, 241403
2414:4, 241404
2414:5, 21405
2414:6, 21406
20601:20, 2061120
20601:35, 2061135
20601:40, 206140
3502:20, 350220
20606:22, 220622
20606:23, 220623
20606:24, 220624
3504:17, 350417
3504:19, 350419
20604:5, 2060405
2427:9, 242709
2414:2, 241402
3504:20, 350420
3504:21, 350421
20631:14, 700010
20601:7, 206907
20620:26, 2062026
25216:65, 12965
25217:23, 12923
25216:66, 12966
20620:27, 2062027
20606:25, 220625
20606:28, 220628
25217:24, 12924
20618:26, 2061826
25216:71, 12971
3504:22, 350422
25217:39, 2521576
3520:21, 3520021
20620:28, 2062028
20618:27, 2061827
20620:3, 2062003
20620:4, 2062004
25216:72, 12972
25217:40, 2521572
20620:5, 2062005
2455:11, 2425511
25217:41, 2521581
2455:12, 245512
2455:13, 245513
3504:23, 350423
20610:3, 920603
20620:6, 2062006
20618:40, 2061840
20620:7, 2062007
20610:4, 920604
2408:5, 20805
2408:6, 20806
2408:7, 20807
2408:8, 20808
20613:37, 2061337
25217:42, 2521580
2408:9, 20809
2408:10, 20810
2408:12, 20812
2408:13, 20813
20610:5, 920605
20618:41, 2061841
20610:7, 920607
20613:38, 2061338
20610:8, 920608
2455:14, 245514
20633:24, 700108
20633:25, 700111
20633:26, 700106
2403:10, 240310
20618:42, 2061842
20633:27, 700109
20610:9, 77009
20610:10, 77010
20633:28, 700088
20613:39, 2061339
20026:10, 290310
20633:29, 700114
20027:7, 240407
20618:43, 2061843
20027:8, 240408
20613:40, 2061340
20027:9, 240409
20618:44, 2061844
25217:43, 2521575
20027:10, 240410
20613:41, 2061341
20618:1, 2061801
20613:42, 2061342
20618:2, 2061802
2422:14, 242214
2422:15, 2422150
2422:16, 242216
2422:17, 242217
2422:18, 242218
20027:11, 240411
20613:43, 2061343
20618:3, 2061803
25213:30, 2521573
25410:27, 2541027
25411:25, 2541125
25412:26, 2541226
20613:44, 2061344
20618:4, 2061804
25406:5, 2540605
20613:45, 2061345
25217:45, 2521574
25409:26, 2540926
25406:6, 2540606
25409:27, 2540927
20618:5, 2061805
20613:46, 2061346
20618:6, 2061806
20613:47, 2061347
20618:7, 2061807
25217:46, 2521577
20613:48, 2061348
20618:8, 2061808
20613:49, 2061349
25409:28, 2540928
20613:50, 2061350
20613:53, 2061353
20613:1, 2061301
20613:2, 2061302
2403:11, 240311
25413:31, 2541331
25414:33, 2541433
25407:32, 2540732
25408:33, 2540833
25410:33, 2541033
25411:31, 2541131
25412:32, 2541232
25413:32, 2541332
25414:34, 2541434
25407:34, 2540734
25408:34, 2540834
25410:34, 2541034
25411:32, 2541132
25412:33, 2541233
25413:34, 2541334
25414:35, 2541435
25407:1, 2540701
25408:1, 2540801
25410:1, 2541001
25411:50, 2541150
25412:34, 2541234
25413:35, 2541335
25414:1, 2541401
25407:2, 2540702
25408:2, 2540802
25409:1, 254091
25410:2, 2541002
25411:1, 2541101
20613:3, 2061303
20613:4, 2061304
25412:1, 2541201
25413:1, 2541301
25414:2, 2541402
25407:3, 2540703
25408:3, 2540803
25409:2, 2540902
25410:3, 2541003
25411:2, 2541102
25412:2, 2541202
25413:2, 2541302
25414:3, 2541403
25407:4, 2540704
25408:4, 2540804
25409:3, 2540903
25410:4, 2541004
25411:3, 2541103
25412:3, 2541203
25413:3, 2541303
25414:4, 2541404
25407:5, 2540705
25408:5, 2540805
25409:4, 2540904
25410:5, 2541005
25411:4, 2541104
25412:4, 2541204
25413:4, 2541304
25414:5, 2541405
25407:6, 2540706
25408:6, 2540806
25409:5, 2540905
25410:6, 2541006
25411:5, 2541105
25412:5, 2541205
25413:5, 2541305
25414:6, 2541406
25407:7, 2540707
25408:7, 2540807
25409:6, 2540906
25410:7, 2541007
25411:6, 2541106
25412:6, 2541206
25413:6, 2541306
25414:7, 2541407
25407:8, 2540708
25408:8, 2540808
25409:7, 2540907
25411:7, 2541107
25412:7, 2541207
25413:7, 2541307
25414:8, 2541408
2498:8, 249808
2497:27, 249727
2494:6, 249406
2496:7, 249607
2497:28, 249728
2494:7, 249407
2496:8, 249608
2497:29, 249729
25409:8, 2540908
25413:8, 2541308
2496:9, 249609
24207:10, 2420710
24207:11, 2420711
2497:30, 249730
2496:10, 249610
2497:31, 249731
25211:1, 2521615
25211:2, 2521613
25211:3, 2521614
25211:6, 2521588
25211:7, 2523018
25211:8, 2521587
25211:11, 2521590
20652:49, 700029
20652:51, 700039
20652:53, 700031
20652:54, 700040
20652:55, 700032
20652:56, 700030
20652:57, 700096
20652:58, 700072
2497:32, 249732
20652:59, 700037
20652:60, 700036
20652:61, 700094
20652:62, 700095
20652:63, 700097
20631:12, 700184
24084:20, 57020
2497:33, 249733
2497:34, 249734
2497:35, 249735
2497:36, 249736
2497:37, 249737
25211:4, 2523017
25211:5, 2521589
2497:38, 249738
2497:39, 249739
2497:40, 249740
2497:41, 249741
2497:42, 249742
20642:83, 700028
25211:9, 2523021
25211:10, 2523016
22853:1, 92281
20633:1, 700041
22853:3, 92283
25211:12, 2521602
25211:13, 2521592
20642:89, 2061702
20642:90, 700123
25213:21, 2521578
25213:22, 2521568
25213:23, 2521584
25213:24, 2521586
25213:25, 2521600
25213:34, 2521570
3502:14, 350214
2401:18, 2401188
2401:19, 2401199
2455:15, 245515
2455:16, 245516
2455:17, 245517
2455:18, 245518
2455:19, 245519
3504:33, 350433
20618:21, 2061821
2401:20, 2401200
2455:20, 245520
20620:25, 2062025
2401:22, 2401222
20620:29, 2062029
20618:28, 2061828
20620:30, 2062030
20613:29, 2061329
20618:29, 2061829
20618:30, 2061830
20642:111, 700003
2498:6, 249806
2427:16, 242716
2427:17, 242717
20613:5, 2061305
20613:6, 2061306
2436:5, 243605
24207:6, 2420706
20026:5, 290305
20027:85, 240485
20026:6, 290306
20027:86, 240486
20707:9, 2070709
20026:8, 290308
20027:5, 240405
20026:9, 290309
20027:6, 240406
25526:3, 92552
2403:12, 240312
2498:7, 249807
2454:4, 245404
2454:9, 245409
20123:51, 501
20123:52, 502
20123:53, 503
20709:1, 27151
20709:2, 27152
20709:3, 27153
20709:4, 27154
20709:5, 27155
20709:6, 27156
22853:2, 92282
10.20.0.84, 42047
20633:22, 700122
20633:23, 700119
25220:2, 2521620
25220:3, 2521622
3501:13, 350113
3501:14, 350114
3501:15, 359115
3501:16, 350116
3501:17, 350117
3501:18, 350118
3501:19, 350119
3501:20, 350120
3501:24, 350124
3501:25, 350125
3501:26, 350126
3501:27, 350127
3501:28, 350128
3501:29, 350129
3501:30, 350130
3501:31, 350131
3501:32, 350132
3501:34, 350134
3501:48, 350148
3501:49, 350149
3501:50, 350150
3062:17, 2620017
3501:51, 350151
3501:52, 350152
3062:18, 2620018
3501:53, 350153
3501:54, 350154
3062:19, 2620019
3503:1, 350301
3504:24, 350424
2455:21, 245521
2455:22, 245522
2401:23, 2401233
2401:99, 2401999
2401:150, 2401211
2401:2, 240102
2401:3, 2401033
2455:23, 245523
2401:4, 240104
2401:5, 240105
2401:6, 2401066
2401:7, 240107
2401:8, 240108
2455:24, 245524
2455:25, 245525
2455:26, 245526
2455:27, 245527
2455:28, 245528
2455:30, 2425530
2455:31, 245531
2455:32, 245532
2455:33, 245533
2455:2, 245502
2455:3, 245503
2455:4, 245504
20707:23, 2070723
20703:18, 2070318
20704:24, 2070424
20705:24, 2070524
20706:26, 2070626
20707:24, 2070724
20703:19, 2070319
20704:25, 2070425
20705:25, 2070525
20706:27, 2070627
20707:25, 2070725
20704:26, 2070426
20705:26, 2070526
20706:28, 2070628
20707:26, 2070726
24082:13, 12913
24082:111, 208111
24082:112, 208112
20704:27, 2070427
20705:27, 2070527
24200:87, 240287
24200:88, 240288
24200:93, 240238
24200:94, 240764
20706:29, 2070629
24200:95, 240765
20707:27, 2070727
24200:97, 240770
24200:2, 242002
20704:28, 2070428
20705:28, 2070528
20706:30, 2070630
20707:28, 2070728
20704:29, 2070429
20705:29, 2070529
20706:31, 2070631
20026:11, 290311
20027:12, 240412
20707:29, 2070729
2455:5, 245505
2455:6, 245506
2455:7, 245507
20704:30, 2070430
2455:8, 245508
20705:30, 2070530
20706:32, 2070632
20707:30, 2070730
20704:31, 2070431
25413:12, 2541312
25414:13, 2541413
25405:13, 2540513
25406:12, 2540612
25407:11, 2540711
25408:13, 2540813
25409:11, 2540911
25410:14, 2541014
25405:14, 2540514
25405:15, 2540515
25405:16, 2540516
25405:17, 2540517
25405:2, 2540502
25405:3, 2540503
25405:4, 2540504
25405:5, 2540505
25405:7, 2540507
25409:22, 2540922
25410:25, 2541025
25411:23, 2541123
25412:24, 2541224
25413:24, 2541324
25414:25, 2541425
25406:4, 2540604
25407:23, 2540723
25408:25, 2540825
25409:23, 2540923
25410:26, 2541026
25411:24, 2541124
25412:25, 2541225
25413:25, 2541325
25414:26, 2541426
25407:24, 2540724
25408:26, 2540826
25409:24, 2540924
25414:27, 2541427
25407:25, 2540725
25408:27, 2540827
25409:25, 2540925
20026:13, 290313
20705:31, 2070531
20706:33, 2070633
20707:31, 2070731
20704:32, 2070432
20705:32, 2070532
20706:34, 2070634
20707:32, 2070732
20704:2, 2070402
20613:8, 2061308
2422:19, 242219
20705:33, 2070533
20707:33, 2070733
25407:26, 2540726
20704:3, 2070403
20705:34, 2070534
2422:20, 242220
20707:34, 2070734
20705:35, 2070535
20707:35, 2070735
24209:21, 21
2422:21, 242221
2422:22, 242222
2422:23, 242223
2422:24, 242224
20705:36, 2070536
2422:25, 242225
24209:24, 24
2422:26, 242226
2422:27, 242227
2422:28, 242228
2422:29, 242229
2422:30, 242230
24209:31, 31
24081:4, 2080204
24081:5, 2080205
2412:11, 241211
2412:12, 241212
2412:13, 241213
2412:14, 241214
2412:15, 241215
2412:16, 241216
2412:17, 241217
2412:18, 241218
24081:6, 12906
20708:1, 27161
20708:2, 27162
20708:3, 27163
20708:4, 27164
20708:5, 27165
25213:33, 2521583
20631:6, 700182
20631:8, 700181
3520:22, 3520022
3519:22, 3519022
20606:30, 220630
25217:21, 12921
25217:22, 12922
20618:9, 2061809
20618:10, 2061810
20618:11, 2061811
20706:24, 2070624
20706:25, 2070625
20618:12, 2061812
20618:31, 2061831
2495:3, 249503
2494:27, 249427
2496:30, 249630
25413:23, 2541323
2495:4, 249504
2494:28, 249428
2496:31, 249631
20704:21, 2070421
2427:18, 242718
2495:5, 249505
2494:29, 249429
2496:32, 249632
2495:6, 249506
2494:1, 249401
2496:33, 249633
2495:7, 249507
2494:2, 249402
2496:34, 249634
25406:8, 2540608
2495:8, 249508
2494:3, 249403
2496:35, 249635
2494:4, 249404
2496:36, 249636
2494:5, 249405
2496:37, 249637
2496:1, 249601
2496:4, 249604
2496:6, 249606
24082:11, 12911
24082:12, 12912
24081:7, 12907
24081:8, 12908
24081:9, 12909
24081:14, 208014
24081:15, 208015
24081:17, 207017
24081:33, 12903
24081:34, 12904
24081:35, 12905
24081:101, 208101
24081:103, 208103
24081:102, 208102
25410:8, 2541008
2454:12, 245412
25220:60, 2521605
25220:61, 2521604
25211:14, 2521599
25426:3, 92543
25427:1, 92541
24200:8, 240208
24200:9, 240209
24200:12, 240212
24200:26, 2420026
24200:27, 240227
24200:28, 2420028
24200:29, 240229
24200:30, 240230
25427:2, 92542
25213:26, 2523002
25213:27, 2523003
25213:28, 2523001
25213:29, 2521598
25213:32, 2521582
20097:1, 24181
20097:2, 24182
20097:3, 24183
20097:4, 24184
20097:5, 24185
3502:15, 350215
3503:3, 350303
3518:21, 3518021
3504:35, 350435
24207:9, 2420709
20706:23, 2070623
25218:8, 2521808
25217:11, 12911
25217:12, 12912
25217:13, 12913
25217:14, 12914
2454:5, 245405
2454:6, 245406
2454:7, 245407
2454:8, 245408
2454:10, 245410
2454:11, 245411
2454:13, 245413
2454:14, 245414
2454:15, 245415
2454:16, 245416
2454:17, 245417
2454:18, 245418
2454:20, 245420
2454:21, 245421
2454:22, 245422
2454:23, 245423
2454:24, 245424
2498:11, 249811
2498:12, 249812
2412:19, 240106
2412:20, 241220
2412:21, 241221
2412:22, 241222
2412:2, 241202
2498:13, 249813
20026:14, 290314
20026:16, 290316
20026:18, 290318
20026:19, 290319
20026:20, 290320
20026:21, 290321
20026:22, 290322
20026:24, 290324
20026:25, 290325
20026:26, 290326
20026:3, 290303
20026:4, 290304
3504:36, 350436
3504:37, 350437
2436:4, 243604
20601:14, 2060114
20620:12, 2062012
25219:8, 2521908
2413:49, 241349
2413:50, 241350
2413:51, 241351
2413:52, 241352
2413:53, 241353
2413:54, 241354
2413:55, 241355
2413:56, 241356
2413:57, 241357
2413:58, 241358
2413:59, 241359
2413:62, 241362
2413:63, 241363
2413:65, 241365
20601:17, 2061017
20601:18, 2061118
20601:9, 206909
20601:12, 2060112
20601:13, 2061113
20620:8, 2062008
20620:9, 2062009
20620:10, 2062010
20620:11, 2062011
2436:6, 243606
2436:7, 243607
2436:8, 243608
2436:9, 243609
2436:10, 243610
2436:11, 243611
2436:13, 243613
2436:15, 243615
2427:19, 242719
2436:16, 243616
2436:17, 243617
2436:18, 243618
2436:19, 243619
2436:20, 243620
2436:22, 243622
2436:23, 243623
2427:20, 242720
2436:24, 243624
2436:25, 243625
2412:46, 241246
2403:13, 240313
2403:2, 240302
2498:3, 249803
2495:9, 249509
2495:10, 249510
2495:11, 249511
2495:12, 249512
2495:13, 249513
2495:14, 249514
2495:15, 249515
2495:16, 249516
2495:17, 249517
2495:18, 249518
2495:19, 249519
2495:20, 249520
2495:21, 249521
2495:22, 249522
2494:22, 249422
3501:10, 350110
3501:12, 350112
2413:60, 241360
2413:61, 241361
2413:64, 241364
2413:66, 241366
2413:67, 241367
2413:68, 241368
2413:69, 241369
2413:70, 241370
2413:71, 241371
2427:21, 242721
2427:22, 242722
20704:9, 2070409
24207:8, 2420708
24200:48, 240248
24200:49, 240249
24200:50, 240250
24200:51, 240251
24200:52, 240252
24200:53, 240253
24200:54, 240254
24200:55, 2400255
24200:57, 240257
24200:58, 240258
24200:59, 240259
24200:60, 240260
24200:62, 240262
24200:63, 240263
24200:64, 240264
24200:65, 240265
24200:66, 240266
24200:67, 240267
24200:68, 240268
24200:69, 240269
24200:71, 240271
24200:72, 240272
24200:73, 240273
24200:74, 240274
24200:75, 240275
24200:76, 240276
24200:82, 2420082
20027:13, 240413
2436:3, 243603
3502:18, 350218
3503:4, 350304
3503:5, 350305
3518:2, 351802
20613:9, 2061309
20613:10, 2061310
2412:23, 241223
2412:24, 241224
2412:25, 241225
2412:26, 241226
2412:27, 241227
2412:28, 241228
2412:29, 241229
2412:30, 241230
2412:31, 241231
2412:32, 241232
2412:33, 241233
2412:34, 241234
2412:35, 241235
2412:36, 241236
2412:37, 241237
2412:38, 241238
2412:39, 241239
2412:40, 241240
2412:41, 241241
2412:42, 241242
2412:43, 241243
2412:44, 241244
2412:52, 241252
2412:53, 241253
2412:54, 241254
2412:55, 241255
25412:8, 2541208
2412:56, 241256
2412:57, 241257
2412:58, 241258
2412:59, 241259
2412:60, 241260
2412:61, 241261
2412:62, 241262
2412:63, 241263
2412:64, 241264
2412:65, 241265
2412:66, 241266
2412:67, 241267
2412:68, 241268
2412:69, 241269
2412:70, 241270
2412:71, 241271
2498:9, 249809
2498:14, 249814
2498:15, 249815
2498:16, 249816
2498:17, 249817
2498:18, 249818
2498:19, 249819
2498:20, 249820
2498:21, 249821
2498:22, 249822
2498:23, 249823
2498:24, 249824
2498:25, 249825
2498:26, 249826
2498:27, 249827
2498:28, 249828
2498:29, 249829
2498:30, 249830
2498:31, 249831
2498:32, 249832
2498:33, 249833
2498:34, 249834
2498:35, 249835
2498:36, 249836
2496:12, 249612
2496:16, 249616
2496:18, 249618
2496:20, 249620
2497:19, 249719
2496:23, 249623
3501:9, 350109
3501:11, 350111
20707:21, 2070721
20703:17, 2070317
20704:23, 2070423
20705:23, 2070523
20707:22, 2070722
20027:14, 240414
20027:16, 240416
2425:31, 242531
2425:32, 242532
2425:33, 242533
2425:34, 2422534
2425:35, 242535
2425:36, 242536
2425:37, 242537
2425:38, 242538
2425:39, 242539
2425:40, 242540
2425:41, 242541
2425:42, 242542
2425:2, 242502
2425:3, 242503
2425:4, 242504
2425:5, 242505
2425:6, 242506
2425:7, 242507
2425:8, 242508
2403:14, 240314
2403:15, 240315
2403:16, 240316
24200:40, 240240
24200:41, 240241
24200:42, 240103
24200:43, 240243
24200:44, 240244
24200:45, 240245
24200:46, 240246
24200:47, 240247
2403:17, 240317
2454:26, 245426
2454:27, 245427
2454:28, 245428
2454:34, 245434
2454:2, 245402
25405:9, 2540509
25405:10, 2540510
25406:9, 2540609
25407:9, 2540709
25408:9, 2540809
25410:9, 2541009
25411:8, 2541108
25412:9, 2541209
25413:9, 2541309
25414:9, 2541409
25405:12, 2540512
25405:1, 2540501
25405:8, 2540508
24207:7, 2420707
25218:9, 2521809
25218:10, 2521810
25219:9, 2521909
25223:17, 2527017
25215:31, 12931
25216:7, 12967
25218:11, 2521811
25219:10, 2521910
25215:32, 12932
25216:8, 12968
25219:11, 2521911
25215:33, 12933
25216:9, 12969
25218:13, 2521813
25219:12, 2521912
25215:34, 12934
25216:10, 12970
25218:18, 2521818
25219:13, 2521913
25215:41, 12941
25216:61, 12961
25218:19, 2521819
25219:14, 2521914
25215:42, 12942
25216:62, 12962
25219:15, 2521915
25215:43, 12943
25216:63, 12963
25219:16, 2521916
25215:44, 12944
25215:51, 12951
25223:2, 892
25223:3, 893
25223:4, 894
25218:12, 2521812
25223:18, 2527018
25218:14, 2521814
25223:19, 2527019
25218:15, 2521815
25223:20, 2527020
25406:3, 2540603
2498:5, 249805
2496:24, 249624
2496:25, 249625
24200:31, 240231
24200:32, 240232
24200:33, 240233
24200:34, 240234
24200:35, 240235
24200:36, 240236
24200:37, 240237
24200:39, 240239
20706:9, 2070609
20706:10, 2070610
25410:24, 2541024
25408:22, 2540822
25408:23, 2540823
25408:24, 2540824
25218:16, 2521816
25411:12, 2541112
20642:109, 700021
2496:11, 249611
25223:1, 891
25216:64, 12964
25215:52, 12952
25412:23, 2541223
2403:18, 240318
2403:19, 240319
2403:20, 240320
2427:23, 242723
2403:21, 240321
2403:22, 240322
2403:23, 240323
2403:24, 240324
2403:25, 240325
2497:8, 249708
2427:24, 242724
2427:25, 242725
2497:11, 249711
25409:21, 2540921
25411:22, 2541122
25413:22, 2541322
25414:24, 2541424
25407:22, 2540722
2422:7, 242207
25218:17, 2521817
25218:20, 2521820
25218:21, 2521821
24207:12, 2420712
24207:13, 2420713
24207:14, 2420714
24207:15, 2402715
24207:16, 2420716
24207:17, 2420717
24207:18, 2420718
24207:21, 2420721
24207:22, 2420722
24207:23, 2420723
25410:19, 2541019
25410:20, 2541020
25410:21, 2541021
25410:22, 2541022
2422:31, 242231
2422:32, 242232
2422:33, 242233
2422:34, 242234
2422:35, 242235
25410:23, 2541023
24207:3, 2420703
2427:3, 242703
2427:4, 242704
24207:24, 2420724
24207:25, 2420725
24207:26, 2420726
24207:27, 2420727
25411:21, 2541121
2427:26, 242726
2427:27, 242727
2427:28, 242728
2427:29, 242729
2427:30, 242730
2427:31, 242731
2427:32, 242732
2427:33, 242733
2427:34, 242734
2427:35, 242735
2427:36, 242736
2427:37, 242737
2427:38, 242738
2427:40, 242740
2497:9, 249709
20703:20, 2070320
3501:8, 350108
3520:2, 35202
25405:11, 2540511
25408:11, 2540811
25409:9, 2540909
25406:10, 2540610
25407:10, 2540710
25408:12, 2540812
25409:10, 2540910
25410:12, 2541012
25411:9, 2541109
25412:11, 2541211
25413:10, 240005
25414:12, 2541412
25406:11, 2540611
25410:13, 2541013
25411:10, 2541110
25412:12, 2541212
25413:11, 2541311
25407:12, 2540712
25408:14, 2540814
25409:12, 2540912
25411:11, 2541111
25412:13, 2541213
25414:14, 2541414
25406:2, 2540602
2494:8, 249408
2494:9, 249409
2494:10, 249410
2496:13, 249613
